{
  "__version__": "1.0.0",
  "current-scene": "",
  "gizmos-infos": {
    "is2D": false,
    "is3DIcon": true,
    "iconSize": 0,
    "gridVisible": true,
    "gridColor": [
      150,
      150,
      150,
      255
    ],
    "isIconGizmo3D": true,
    "iconGizmoSize": 0,
    "isGridVisible": true
  },
  "camera-infos": {
    "f46876e4-e81b-4931-b493-6d367be385e7": {
      "position": {
        "x": -0.9999999999999982,
        "y": 19,
        "z": 19
      },
      "rotation": {
        "x": -0.27984814233312133,
        "y": 0.3647051996310009,
        "z": 0.11591689595929514,
        "w": 0.8804762392171493
      },
      "viewCenter": {
        "x": -10,
        "y": 10,
        "z": 10
      }
    },
    "56ff2397-ea42-4f84-9461-6874411ff217": {
      "position": {
        "x": 480,
        "y": 320.00000000000006,
        "z": 2122.6090496178986
      },
      "rotation": {
        "x": 0,
        "y": 0,
        "z": 0,
        "w": 1
      },
      "viewCenter": {
        "x": 0,
        "y": 0,
        "z": 0
      }
    },
    "72f80804-3ccb-48c3-85db-374282c9317c": {
      "position": {
        "x": 197.3879943958871,
        "y": 377.9716934572541,
        "z": 561.681853965084
      },
      "rotation": {
        "x": 0,
        "y": 0,
        "z": 0,
        "w": 1
      },
      "viewCenter": {
        "x": 197.3879943958871,
        "y": 377.9716934572541,
        "z": -243.48055516344323
      }
    }
  },
  "camera-uuids": [
    "56ff2397-ea42-4f84-9461-6874411ff217"
  ],
  "float-window": {
    "position": {
      "cc": {
        "Camera": {
          "dock": false,
          "top": null,
          "bottom": 10,
          "left": null,
          "right": 10
        },
        "ParticleSystem": {
          "dock": false,
          "top": null,
          "bottom": 10,
          "left": null,
          "right": 10
        }
      }
    }
  }
}
